otu_id,Kingdom,Phylum,Class,Order,Family,Genus,Species
Otu_1,Archaea,Euryarchaeota,Methanobacteria,Methanobacteriales,Methanobacteriaceae,Methanobrevibacter,Methanobrevibacter_smithii
Otu_2,Archaea,Euryarchaeota,Methanobacteria,Methanobacteriales,Methanobacteriaceae,Methanosphaera,Methanosphaera_stadtmanae
Otu_3,Bacteria,Actinobacteria,Actinobacteria,Actinomycetales,Actinomycetaceae,Actinomyces,Actinomyces_odontolyticus
Otu_4,Bacteria,Actinobacteria,Actinobacteria,Actinomycetales,Actinomycetaceae,Actinomyces,Actinomyces_radicidentis
Otu_5,Bacteria,Actinobacteria,Actinobacteria,Actinomycetales,Actinomycetaceae,Actinomyces,Actinomyces_sp_HPA0247
Otu_6,Bacteria,Actinobacteria,Actinobacteria,Actinomycetales,Actinomycetaceae,Actinomyces,Actinomyces_sp_oral_taxon_181
Otu_7,Bacteria,Actinobacteria,Actinobacteria,Actinomycetales,Actinomycetaceae,Actinomyces,Actinomyces_turicensis
Otu_8,Bacteria,Actinobacteria,Actinobacteria,Bifidobacteriales,Bifidobacteriaceae,Aeriscardovia,Aeriscardovia_aeriphila
Otu_9,Bacteria,Actinobacteria,Actinobacteria,Bifidobacteriales,Bifidobacteriaceae,Alloscardovia,Alloscardovia_omnicolens
Otu_10,Bacteria,Actinobacteria,Actinobacteria,Bifidobacteriales,Bifidobacteriaceae,Bifidobacterium,Bifidobacterium_adolescentis
Otu_11,Bacteria,Actinobacteria,Actinobacteria,Bifidobacteriales,Bifidobacteriaceae,Bifidobacterium,Bifidobacterium_angulatum
Otu_12,Bacteria,Actinobacteria,Actinobacteria,Bifidobacteriales,Bifidobacteriaceae,Bifidobacterium,Bifidobacterium_animalis
Otu_13,Bacteria,Actinobacteria,Actinobacteria,Bifidobacteriales,Bifidobacteriaceae,Bifidobacterium,Bifidobacterium_bifidum
Otu_14,Bacteria,Actinobacteria,Actinobacteria,Bifidobacteriales,Bifidobacteriaceae,Bifidobacterium,Bifidobacterium_breve
Otu_15,Bacteria,Actinobacteria,Actinobacteria,Bifidobacteriales,Bifidobacteriaceae,Bifidobacterium,Bifidobacterium_catenulatum
Otu_16,Bacteria,Actinobacteria,Actinobacteria,Bifidobacteriales,Bifidobacteriaceae,Bifidobacterium,Bifidobacterium_dentium
Otu_17,Bacteria,Actinobacteria,Actinobacteria,Bifidobacteriales,Bifidobacteriaceae,Bifidobacterium,Bifidobacterium_gallinarum
Otu_18,Bacteria,Actinobacteria,Actinobacteria,Bifidobacteriales,Bifidobacteriaceae,Bifidobacterium,Bifidobacterium_longum
Otu_19,Bacteria,Actinobacteria,Actinobacteria,Bifidobacteriales,Bifidobacteriaceae,Bifidobacterium,Bifidobacterium_pseudocatenulatum
Otu_20,Bacteria,Actinobacteria,Actinobacteria,Bifidobacteriales,Bifidobacteriaceae,Bifidobacterium,Bifidobacterium_pseudolongum
Otu_21,Bacteria,Actinobacteria,Actinobacteria,Bifidobacteriales,Bifidobacteriaceae,Bifidobacterium,Bifidobacterium_pullorum
Otu_22,Bacteria,Actinobacteria,Actinobacteria,Bifidobacteriales,Bifidobacteriaceae,Bifidobacterium,Bifidobacterium_saeculare
Otu_23,Bacteria,Actinobacteria,Actinobacteria,Bifidobacteriales,Bifidobacteriaceae,Bifidobacterium,Bifidobacterium_scardovii
Otu_24,Bacteria,Actinobacteria,Actinobacteria,Bifidobacteriales,Bifidobacteriaceae,Gardnerella,Gardnerella_vaginalis
Otu_25,Bacteria,Actinobacteria,Actinobacteria,Corynebacteriales,Corynebacteriaceae,Corynebacterium,Corynebacterium_argentoratense
Otu_26,Bacteria,Actinobacteria,Actinobacteria,Micrococcales,Micrococcaceae,Rothia,Rothia_dentocariosa
Otu_27,Bacteria,Actinobacteria,Actinobacteria,Micrococcales,Micrococcaceae,Rothia,Rothia_mucilaginosa
Otu_28,Bacteria,Actinobacteria,Actinobacteria,Propionibacteriales,Propionibacteriaceae,Propionibacterium,Propionibacterium_acidifaciens
Otu_29,Bacteria,Actinobacteria,Actinobacteria,Propionibacteriales,Propionibacteriaceae,Propionibacterium,Propionibacterium_freudenreichii
Otu_30,Bacteria,Actinobacteria,Coriobacteriia,Coriobacteriales,Atopobiaceae,Atopobium,Atopobium_deltae
Otu_31,Bacteria,Actinobacteria,Coriobacteriia,Coriobacteriales,Atopobiaceae,Atopobium,Atopobium_minutum
Otu_32,Bacteria,Actinobacteria,Coriobacteriia,Coriobacteriales,Atopobiaceae,Atopobium,Atopobium_parvulum
Otu_33,Bacteria,Actinobacteria,Coriobacteriia,Coriobacteriales,Atopobiaceae,Atopobium,Atopobium_vaginae
Otu_34,Bacteria,Actinobacteria,Coriobacteriia,Coriobacteriales,Atopobiaceae,Olsenella,Olsenella_scatoligenes
Otu_35,Bacteria,Actinobacteria,Coriobacteriia,Coriobacteriales,Coriobacteriaceae,Collinsella,Collinsella_aerofaciens
Otu_36,Bacteria,Actinobacteria,Coriobacteriia,Coriobacteriales,Coriobacteriaceae,Collinsella,Collinsella_intestinalis
Otu_37,Bacteria,Actinobacteria,Coriobacteriia,Coriobacteriales,Coriobacteriaceae,Collinsella,Collinsella_stercoris
Otu_38,Bacteria,Actinobacteria,Coriobacteriia,Coriobacteriales,Coriobacteriaceae,Enorma,Enorma_massiliensis
Otu_39,Bacteria,Actinobacteria,Coriobacteriia,Coriobacteriales,Coriobacteriaceae,Enorma,[Collinsella]_massiliensis
Otu_40,Bacteria,Actinobacteria,Coriobacteriia,Eggerthellales,Eggerthellaceae,Adlercreutzia,Adlercreutzia_equolifaciens
Otu_41,Bacteria,Actinobacteria,Coriobacteriia,Eggerthellales,Eggerthellaceae,Asaccharobacter,Asaccharobacter_celatus
Otu_42,Bacteria,Actinobacteria,Coriobacteriia,Eggerthellales,Eggerthellaceae,Eggerthella,Eggerthella_lenta
Otu_43,Bacteria,Actinobacteria,Coriobacteriia,Eggerthellales,Eggerthellaceae,Enterorhabdus,Enterorhabdus_caecimuris
Otu_44,Bacteria,Actinobacteria,Coriobacteriia,Eggerthellales,Eggerthellaceae,Gordonibacter,Gordonibacter_pamelaeae
Otu_45,Bacteria,Actinobacteria,Coriobacteriia,Eggerthellales,Eggerthellaceae,Slackia,Slackia_isoflavoniconvertens
Otu_46,Bacteria,Bacteroidetes,Bacteroidia,Bacteroidales,Bacteroidaceae,Bacteroides,Bacteroides_caccae
Otu_47,Bacteria,Bacteroidetes,Bacteroidia,Bacteroidales,Bacteroidaceae,Bacteroides,Bacteroides_cellulosilyticus
Otu_48,Bacteria,Bacteroidetes,Bacteroidia,Bacteroidales,Bacteroidaceae,Bacteroides,Bacteroides_clarus
Otu_49,Bacteria,Bacteroidetes,Bacteroidia,Bacteroidales,Bacteroidaceae,Bacteroides,Bacteroides_coprocola
Otu_50,Bacteria,Bacteroidetes,Bacteroidia,Bacteroidales,Bacteroidaceae,Bacteroides,Bacteroides_coprophilus
Otu_51,Bacteria,Bacteroidetes,Bacteroidia,Bacteroidales,Bacteroidaceae,Bacteroides,Bacteroides_dorei
Otu_52,Bacteria,Bacteroidetes,Bacteroidia,Bacteroidales,Bacteroidaceae,Bacteroides,Bacteroides_eggerthii
Otu_53,Bacteria,Bacteroidetes,Bacteroidia,Bacteroidales,Bacteroidaceae,Bacteroides,Bacteroides_faecichinchillae
Otu_54,Bacteria,Bacteroidetes,Bacteroidia,Bacteroidales,Bacteroidaceae,Bacteroides,Bacteroides_faecis
Otu_55,Bacteria,Bacteroidetes,Bacteroidia,Bacteroidales,Bacteroidaceae,Bacteroides,Bacteroides_faecis_CAG_32
Otu_56,Bacteria,Bacteroidetes,Bacteroidia,Bacteroidales,Bacteroidaceae,Bacteroides,Bacteroides_finegoldii
Otu_57,Bacteria,Bacteroidetes,Bacteroidia,Bacteroidales,Bacteroidaceae,Bacteroides,Bacteroides_fragilis
Otu_58,Bacteria,Bacteroidetes,Bacteroidia,Bacteroidales,Bacteroidaceae,Bacteroides,Bacteroides_galacturonicus
Otu_59,Bacteria,Bacteroidetes,Bacteroidia,Bacteroidales,Bacteroidaceae,Bacteroides,Bacteroides_intestinalis
Otu_60,Bacteria,Bacteroidetes,Bacteroidia,Bacteroidales,Bacteroidaceae,Bacteroides,Bacteroides_massiliensis
Otu_61,Bacteria,Bacteroidetes,Bacteroidia,Bacteroidales,Bacteroidaceae,Bacteroides,Bacteroides_nordii
Otu_62,Bacteria,Bacteroidetes,Bacteroidia,Bacteroidales,Bacteroidaceae,Bacteroides,Bacteroides_ovatus
Otu_63,Bacteria,Bacteroidetes,Bacteroidia,Bacteroidales,Bacteroidaceae,Bacteroides,Bacteroides_plebeius
Otu_64,Bacteria,Bacteroidetes,Bacteroidia,Bacteroidales,Bacteroidaceae,Bacteroides,Bacteroides_salyersiae
Otu_65,Bacteria,Bacteroidetes,Bacteroidia,Bacteroidales,Bacteroidaceae,Bacteroides,Bacteroides_sp_43_108
Otu_66,Bacteria,Bacteroidetes,Bacteroidia,Bacteroidales,Bacteroidaceae,Bacteroides,Bacteroides_sp_CAG_144
Otu_67,Bacteria,Bacteroidetes,Bacteroidia,Bacteroidales,Bacteroidaceae,Bacteroides,Bacteroides_sp_CAG_443
Otu_68,Bacteria,Bacteroidetes,Bacteroidia,Bacteroidales,Bacteroidaceae,Bacteroides,Bacteroides_sp_CAG_462
Otu_69,Bacteria,Bacteroidetes,Bacteroidia,Bacteroidales,Bacteroidaceae,Bacteroides,Bacteroides_sp_CAG_530
Otu_70,Bacteria,Bacteroidetes,Bacteroidia,Bacteroidales,Bacteroidaceae,Bacteroides,Bacteroides_sp_CAG_598
Otu_71,Bacteria,Bacteroidetes,Bacteroidia,Bacteroidales,Bacteroidaceae,Bacteroides,Bacteroides_sp_CAG_633
Otu_72,Bacteria,Bacteroidetes,Bacteroidia,Bacteroidales,Bacteroidaceae,Bacteroides,Bacteroides_sp_CAG_661
Otu_73,Bacteria,Bacteroidetes,Bacteroidia,Bacteroidales,Bacteroidaceae,Bacteroides,Bacteroides_sp_D2
Otu_74,Bacteria,Bacteroidetes,Bacteroidia,Bacteroidales,Bacteroidaceae,Bacteroides,Bacteroides_sp_OM08_11
Otu_75,Bacteria,Bacteroidetes,Bacteroidia,Bacteroidales,Bacteroidaceae,Bacteroides,Bacteroides_stercorirosoris
Otu_76,Bacteria,Bacteroidetes,Bacteroidia,Bacteroidales,Bacteroidaceae,Bacteroides,Bacteroides_stercoris
Otu_77,Bacteria,Bacteroidetes,Bacteroidia,Bacteroidales,Bacteroidaceae,Bacteroides,Bacteroides_thetaiotaomicron
Otu_78,Bacteria,Bacteroidetes,Bacteroidia,Bacteroidales,Bacteroidaceae,Bacteroides,Bacteroides_uniformis
Otu_79,Bacteria,Bacteroidetes,Bacteroidia,Bacteroidales,Bacteroidaceae,Bacteroides,Bacteroides_vulgatus
Otu_80,Bacteria,Bacteroidetes,Bacteroidia,Bacteroidales,Bacteroidaceae,Bacteroides,Bacteroides_xylanisolvens
Otu_81,Bacteria,Bacteroidetes,Bacteroidia,Bacteroidales,Bacteroidales_unclassified,Bacteroidales_unclassified,Bacteroidales_bacterium_KA00251
Otu_82,Bacteria,Bacteroidetes,Bacteroidia,Bacteroidales,Barnesiellaceae,Barnesiella,Barnesiella_intestinihominis
Otu_83,Bacteria,Bacteroidetes,Bacteroidia,Bacteroidales,Barnesiellaceae,Coprobacter,Coprobacter_fastidiosus
Otu_84,Bacteria,Bacteroidetes,Bacteroidia,Bacteroidales,Barnesiellaceae,Coprobacter,Coprobacter_secundus
Otu_85,Bacteria,Bacteroidetes,Bacteroidia,Bacteroidales,Odoribacteraceae,Butyricimonas,Butyricimonas_synergistica
Otu_86,Bacteria,Bacteroidetes,Bacteroidia,Bacteroidales,Odoribacteraceae,Butyricimonas,Butyricimonas_virosa
Otu_87,Bacteria,Bacteroidetes,Bacteroidia,Bacteroidales,Odoribacteraceae,Odoribacter,Odoribacter_laneus
Otu_88,Bacteria,Bacteroidetes,Bacteroidia,Bacteroidales,Odoribacteraceae,Odoribacter,Odoribacter_splanchnicus
Otu_89,Bacteria,Bacteroidetes,Bacteroidia,Bacteroidales,Porphyromonadaceae,Porphyromonas,Porphyromonas_asaccharolytica
Otu_90,Bacteria,Bacteroidetes,Bacteroidia,Bacteroidales,Porphyromonadaceae,Porphyromonas,Porphyromonas_endodontalis
Otu_91,Bacteria,Bacteroidetes,Bacteroidia,Bacteroidales,Porphyromonadaceae,Porphyromonas,Porphyromonas_uenonis
Otu_92,Bacteria,Bacteroidetes,Bacteroidia,Bacteroidales,Porphyromonadaceae,Sanguibacteroides,Sanguibacteroides_justesenii
Otu_93,Bacteria,Bacteroidetes,Bacteroidia,Bacteroidales,Prevotellaceae,Paraprevotella,Paraprevotella_clara
Otu_94,Bacteria,Bacteroidetes,Bacteroidia,Bacteroidales,Prevotellaceae,Paraprevotella,Paraprevotella_xylaniphila
Otu_95,Bacteria,Bacteroidetes,Bacteroidia,Bacteroidales,Prevotellaceae,Prevotella,Prevotella_bivia
Otu_96,Bacteria,Bacteroidetes,Bacteroidia,Bacteroidales,Prevotellaceae,Prevotella,Prevotella_copri
Otu_97,Bacteria,Bacteroidetes,Bacteroidia,Bacteroidales,Prevotellaceae,Prevotella,Prevotella_corporis
Otu_98,Bacteria,Bacteroidetes,Bacteroidia,Bacteroidales,Prevotellaceae,Prevotella,Prevotella_disiens
Otu_99,Bacteria,Bacteroidetes,Bacteroidia,Bacteroidales,Prevotellaceae,Prevotella,Prevotella_histicola
Otu_100,Bacteria,Bacteroidetes,Bacteroidia,Bacteroidales,Prevotellaceae,Prevotella,Prevotella_melaninogenica
Otu_101,Bacteria,Bacteroidetes,Bacteroidia,Bacteroidales,Prevotellaceae,Prevotella,Prevotella_sp_885
Otu_102,Bacteria,Bacteroidetes,Bacteroidia,Bacteroidales,Prevotellaceae,Prevotella,Prevotella_sp_AM42_24
Otu_103,Bacteria,Bacteroidetes,Bacteroidia,Bacteroidales,Prevotellaceae,Prevotella,Prevotella_sp_CAG_1031
Otu_104,Bacteria,Bacteroidetes,Bacteroidia,Bacteroidales,Prevotellaceae,Prevotella,Prevotella_sp_CAG_1092
Otu_105,Bacteria,Bacteroidetes,Bacteroidia,Bacteroidales,Prevotellaceae,Prevotella,Prevotella_sp_CAG_1124
Otu_106,Bacteria,Bacteroidetes,Bacteroidia,Bacteroidales,Prevotellaceae,Prevotella,Prevotella_sp_CAG_1185
Otu_107,Bacteria,Bacteroidetes,Bacteroidia,Bacteroidales,Prevotellaceae,Prevotella,Prevotella_sp_CAG_279
Otu_108,Bacteria,Bacteroidetes,Bacteroidia,Bacteroidales,Prevotellaceae,Prevotella,Prevotella_sp_CAG_520
Otu_109,Bacteria,Bacteroidetes,Bacteroidia,Bacteroidales,Prevotellaceae,Prevotella,Prevotella_sp_CAG_5226
Otu_110,Bacteria,Bacteroidetes,Bacteroidia,Bacteroidales,Prevotellaceae,Prevotella,Prevotella_sp_CAG_617
Otu_111,Bacteria,Bacteroidetes,Bacteroidia,Bacteroidales,Prevotellaceae,Prevotella,Prevotella_sp_CAG_873
Otu_112,Bacteria,Bacteroidetes,Bacteroidia,Bacteroidales,Prevotellaceae,Prevotella,Prevotella_sp_CAG_891
Otu_113,Bacteria,Bacteroidetes,Bacteroidia,Bacteroidales,Prevotellaceae,Prevotella,Prevotella_stercorea
Otu_114,Bacteria,Bacteroidetes,Bacteroidia,Bacteroidales,Prevotellaceae,Prevotella,Prevotella_timonensis
Otu_115,Bacteria,Bacteroidetes,Bacteroidia,Bacteroidales,Rikenellaceae,Alistipes,Alistipes_finegoldii
Otu_116,Bacteria,Bacteroidetes,Bacteroidia,Bacteroidales,Rikenellaceae,Alistipes,Alistipes_indistinctus
Otu_117,Bacteria,Bacteroidetes,Bacteroidia,Bacteroidales,Rikenellaceae,Alistipes,Alistipes_inops
Otu_118,Bacteria,Bacteroidetes,Bacteroidia,Bacteroidales,Rikenellaceae,Alistipes,Alistipes_onderdonkii
Otu_119,Bacteria,Bacteroidetes,Bacteroidia,Bacteroidales,Rikenellaceae,Alistipes,Alistipes_putredinis
Otu_120,Bacteria,Bacteroidetes,Bacteroidia,Bacteroidales,Rikenellaceae,Alistipes,Alistipes_shahii
Otu_121,Bacteria,Bacteroidetes,Bacteroidia,Bacteroidales,Rikenellaceae,Alistipes,Alistipes_sp_An31A
Otu_122,Bacteria,Bacteroidetes,Bacteroidia,Bacteroidales,Rikenellaceae,Alistipes,Alistipes_sp_An66
Otu_123,Bacteria,Bacteroidetes,Bacteroidia,Bacteroidales,Rikenellaceae,Alistipes,Alistipes_timonensis
Otu_124,Bacteria,Bacteroidetes,Bacteroidia,Bacteroidales,Rikenellaceae,Rikenella,Rikenella_microfusus
Otu_125,Bacteria,Bacteroidetes,Bacteroidia,Bacteroidales,Tannerellaceae,Parabacteroides,Parabacteroides_distasonis
Otu_126,Bacteria,Bacteroidetes,Bacteroidia,Bacteroidales,Tannerellaceae,Parabacteroides,Parabacteroides_goldsteinii
Otu_127,Bacteria,Bacteroidetes,Bacteroidia,Bacteroidales,Tannerellaceae,Parabacteroides,Parabacteroides_gordonii
Otu_128,Bacteria,Bacteroidetes,Bacteroidia,Bacteroidales,Tannerellaceae,Parabacteroides,Parabacteroides_johnsonii
Otu_129,Bacteria,Bacteroidetes,Bacteroidia,Bacteroidales,Tannerellaceae,Parabacteroides,Parabacteroides_merdae
Otu_130,Bacteria,Bacteroidetes,Bacteroidia,Bacteroidales,Tannerellaceae,Parabacteroides,Parabacteroides_sp_CAG_409
Otu_131,Bacteria,Candidatus_Melainabacteria,Candidatus_Melainabacteria_unclassified,Candidatus_Gastranaerophilales,Candidatus_Gastranaerophilales_unclassified,Candidatus_Gastranaerophilales_unclassified,Candidatus_Gastranaerophilales_bacterium
Otu_132,Bacteria,Firmicutes,Bacilli,Bacillales,Bacillaceae,Bacillus,Bacillus_aerius
Otu_133,Bacteria,Firmicutes,Bacilli,Bacillales,Bacillales_unclassified,Gemella,Gemella_haemolysans
Otu_134,Bacteria,Firmicutes,Bacilli,Bacillales,Bacillales_unclassified,Gemella,Gemella_morbillorum
Otu_135,Bacteria,Firmicutes,Bacilli,Bacillales,Bacillales_unclassified,Gemella,Gemella_sanguinis
Otu_136,Bacteria,Firmicutes,Bacilli,Lactobacillales,Carnobacteriaceae,Granulicatella,Granulicatella_elegans
Otu_137,Bacteria,Firmicutes,Bacilli,Lactobacillales,Enterococcaceae,Enterococcus,Enterococcus_avium
Otu_138,Bacteria,Firmicutes,Bacilli,Lactobacillales,Enterococcaceae,Enterococcus,Enterococcus_durans
Otu_139,Bacteria,Firmicutes,Bacilli,Lactobacillales,Enterococcaceae,Enterococcus,Enterococcus_faecalis
Otu_140,Bacteria,Firmicutes,Bacilli,Lactobacillales,Enterococcaceae,Enterococcus,Enterococcus_faecium
Otu_141,Bacteria,Firmicutes,Bacilli,Lactobacillales,Enterococcaceae,Enterococcus,Enterococcus_gallinarum
Otu_142,Bacteria,Firmicutes,Bacilli,Lactobacillales,Enterococcaceae,Enterococcus,Enterococcus_hirae
Otu_143,Bacteria,Firmicutes,Bacilli,Lactobacillales,Enterococcaceae,Tetragenococcus,Tetragenococcus_halophilus
Otu_144,Bacteria,Firmicutes,Bacilli,Lactobacillales,Lactobacillaceae,Lactobacillus,Lactobacillus_crispatus
Otu_145,Bacteria,Firmicutes,Bacilli,Lactobacillales,Lactobacillaceae,Lactobacillus,Lactobacillus_curvatus
Otu_146,Bacteria,Firmicutes,Bacilli,Lactobacillales,Lactobacillaceae,Lactobacillus,Lactobacillus_delbrueckii
Otu_147,Bacteria,Firmicutes,Bacilli,Lactobacillales,Lactobacillaceae,Lactobacillus,Lactobacillus_fermentum
Otu_148,Bacteria,Firmicutes,Bacilli,Lactobacillales,Lactobacillaceae,Lactobacillus,Lactobacillus_gasseri
Otu_149,Bacteria,Firmicutes,Bacilli,Lactobacillales,Lactobacillaceae,Lactobacillus,Lactobacillus_johnsonii
Otu_150,Bacteria,Firmicutes,Bacilli,Lactobacillales,Lactobacillaceae,Lactobacillus,Lactobacillus_kefiranofaciens
Otu_151,Bacteria,Firmicutes,Bacilli,Lactobacillales,Lactobacillaceae,Lactobacillus,Lactobacillus_kefiri
Otu_152,Bacteria,Firmicutes,Bacilli,Lactobacillales,Lactobacillaceae,Lactobacillus,Lactobacillus_mucosae
Otu_153,Bacteria,Firmicutes,Bacilli,Lactobacillales,Lactobacillaceae,Lactobacillus,Lactobacillus_oris
Otu_154,Bacteria,Firmicutes,Bacilli,Lactobacillales,Lactobacillaceae,Lactobacillus,Lactobacillus_paragasseri
Otu_155,Bacteria,Firmicutes,Bacilli,Lactobacillales,Lactobacillaceae,Lactobacillus,Lactobacillus_plantarum
Otu_156,Bacteria,Firmicutes,Bacilli,Lactobacillales,Lactobacillaceae,Lactobacillus,Lactobacillus_pobuzihii
Otu_157,Bacteria,Firmicutes,Bacilli,Lactobacillales,Lactobacillaceae,Lactobacillus,Lactobacillus_rhamnosus
Otu_158,Bacteria,Firmicutes,Bacilli,Lactobacillales,Lactobacillaceae,Lactobacillus,Lactobacillus_rogosae
Otu_159,Bacteria,Firmicutes,Bacilli,Lactobacillales,Lactobacillaceae,Lactobacillus,Lactobacillus_ruminis
Otu_160,Bacteria,Firmicutes,Bacilli,Lactobacillales,Lactobacillaceae,Lactobacillus,Lactobacillus_sakei
Otu_161,Bacteria,Firmicutes,Bacilli,Lactobacillales,Lactobacillaceae,Lactobacillus,Lactobacillus_salivarius
Otu_162,Bacteria,Firmicutes,Bacilli,Lactobacillales,Lactobacillaceae,Lactobacillus,Lactobacillus_vaginalis
Otu_163,Bacteria,Firmicutes,Bacilli,Lactobacillales,Lactobacillaceae,Lactobacillus,Lactobacillus_versmoldensis
Otu_164,Bacteria,Firmicutes,Bacilli,Lactobacillales,Lactobacillaceae,Sharpea,Sharpea_azabuensis
Otu_165,Bacteria,Firmicutes,Bacilli,Lactobacillales,Leuconostocaceae,Leuconostoc,Leuconostoc_carnosum
Otu_166,Bacteria,Firmicutes,Bacilli,Lactobacillales,Leuconostocaceae,Leuconostoc,Leuconostoc_garlicum
Otu_167,Bacteria,Firmicutes,Bacilli,Lactobacillales,Leuconostocaceae,Leuconostoc,Leuconostoc_mesenteroides
Otu_168,Bacteria,Firmicutes,Bacilli,Lactobacillales,Leuconostocaceae,Weissella,Weissella_cibaria
Otu_169,Bacteria,Firmicutes,Bacilli,Lactobacillales,Leuconostocaceae,Weissella,Weissella_confusa
Otu_170,Bacteria,Firmicutes,Bacilli,Lactobacillales,Leuconostocaceae,Weissella,Weissella_viridescens
Otu_171,Bacteria,Firmicutes,Bacilli,Lactobacillales,Streptococcaceae,Lactococcus,Lactococcus_garvieae
Otu_172,Bacteria,Firmicutes,Bacilli,Lactobacillales,Streptococcaceae,Lactococcus,Lactococcus_lactis
Otu_173,Bacteria,Firmicutes,Bacilli,Lactobacillales,Streptococcaceae,Lactococcus,Lactococcus_petauri
Otu_174,Bacteria,Firmicutes,Bacilli,Lactobacillales,Streptococcaceae,Lactococcus,Lactococcus_raffinolactis
Otu_175,Bacteria,Firmicutes,Bacilli,Lactobacillales,Streptococcaceae,Streptococcus,Streptococcus_agalactiae
Otu_176,Bacteria,Firmicutes,Bacilli,Lactobacillales,Streptococcaceae,Streptococcus,Streptococcus_anginosus_group
Otu_177,Bacteria,Firmicutes,Bacilli,Lactobacillales,Streptococcaceae,Streptococcus,Streptococcus_australis
Otu_178,Bacteria,Firmicutes,Bacilli,Lactobacillales,Streptococcaceae,Streptococcus,Streptococcus_cristatus
Otu_179,Bacteria,Firmicutes,Bacilli,Lactobacillales,Streptococcaceae,Streptococcus,Streptococcus_gordonii
Otu_180,Bacteria,Firmicutes,Bacilli,Lactobacillales,Streptococcaceae,Streptococcus,Streptococcus_infantis
Otu_181,Bacteria,Firmicutes,Bacilli,Lactobacillales,Streptococcaceae,Streptococcus,Streptococcus_lutetiensis
Otu_182,Bacteria,Firmicutes,Bacilli,Lactobacillales,Streptococcaceae,Streptococcus,Streptococcus_milleri
Otu_183,Bacteria,Firmicutes,Bacilli,Lactobacillales,Streptococcaceae,Streptococcus,Streptococcus_mitis
Otu_184,Bacteria,Firmicutes,Bacilli,Lactobacillales,Streptococcaceae,Streptococcus,Streptococcus_mutans
Otu_185,Bacteria,Firmicutes,Bacilli,Lactobacillales,Streptococcaceae,Streptococcus,Streptococcus_oralis
Otu_186,Bacteria,Firmicutes,Bacilli,Lactobacillales,Streptococcaceae,Streptococcus,Streptococcus_parasanguinis
Otu_187,Bacteria,Firmicutes,Bacilli,Lactobacillales,Streptococcaceae,Streptococcus,Streptococcus_pasteurianus
Otu_188,Bacteria,Firmicutes,Bacilli,Lactobacillales,Streptococcaceae,Streptococcus,Streptococcus_pseudopneumoniae
Otu_189,Bacteria,Firmicutes,Bacilli,Lactobacillales,Streptococcaceae,Streptococcus,Streptococcus_salivarius
Otu_190,Bacteria,Firmicutes,Bacilli,Lactobacillales,Streptococcaceae,Streptococcus,Streptococcus_sanguinis
Otu_191,Bacteria,Firmicutes,Bacilli,Lactobacillales,Streptococcaceae,Streptococcus,Streptococcus_sobrinus
Otu_192,Bacteria,Firmicutes,Bacilli,Lactobacillales,Streptococcaceae,Streptococcus,Streptococcus_sp_A12
Otu_193,Bacteria,Firmicutes,Bacilli,Lactobacillales,Streptococcaceae,Streptococcus,Streptococcus_sp_F0442
Otu_194,Bacteria,Firmicutes,Bacilli,Lactobacillales,Streptococcaceae,Streptococcus,Streptococcus_sp_M334
Otu_195,Bacteria,Firmicutes,Bacilli,Lactobacillales,Streptococcaceae,Streptococcus,Streptococcus_sp_NLAE_zl_C503
Otu_196,Bacteria,Firmicutes,Bacilli,Lactobacillales,Streptococcaceae,Streptococcus,Streptococcus_sp_oral_taxon_058
Otu_197,Bacteria,Firmicutes,Bacilli,Lactobacillales,Streptococcaceae,Streptococcus,Streptococcus_thermophilus
Otu_198,Bacteria,Firmicutes,Bacilli,Lactobacillales,Streptococcaceae,Streptococcus,Streptococcus_vestibularis
Otu_199,Bacteria,Firmicutes,Clostridia,Clostridiales,Catabacteriaceae,Catabacter,Catabacter_hongkongensis
Otu_200,Bacteria,Firmicutes,Clostridia,Clostridiales,Christensenellaceae,Christensenella,Christensenella_minuta
Otu_201,Bacteria,Firmicutes,Clostridia,Clostridiales,Clostridiaceae,Clostridium,Clostridium_baratii
Otu_202,Bacteria,Firmicutes,Clostridia,Clostridiales,Clostridiaceae,Clostridium,Clostridium_bolteae_CAG_59
Otu_203,Bacteria,Firmicutes,Clostridia,Clostridiales,Clostridiaceae,Clostridium,Clostridium_celatum
Otu_204,Bacteria,Firmicutes,Clostridia,Clostridiales,Clostridiaceae,Clostridium,Clostridium_disporicum
Otu_205,Bacteria,Firmicutes,Clostridia,Clostridiales,Clostridiaceae,Clostridium,Clostridium_neonatale
Otu_206,Bacteria,Firmicutes,Clostridia,Clostridiales,Clostridiaceae,Clostridium,Clostridium_paraputrificum
Otu_207,Bacteria,Firmicutes,Clostridia,Clostridiales,Clostridiaceae,Clostridium,Clostridium_perfringens
Otu_208,Bacteria,Firmicutes,Clostridia,Clostridiales,Clostridiaceae,Clostridium,Clostridium_sp_CAG_167
Otu_209,Bacteria,Firmicutes,Clostridia,Clostridiales,Clostridiaceae,Clostridium,Clostridium_sp_CAG_242
Otu_210,Bacteria,Firmicutes,Clostridia,Clostridiales,Clostridiaceae,Clostridium,Clostridium_sp_CAG_253
Otu_211,Bacteria,Firmicutes,Clostridia,Clostridiales,Clostridiaceae,Clostridium,Clostridium_sp_CAG_299
Otu_212,Bacteria,Firmicutes,Clostridia,Clostridiales,Clostridiaceae,Clostridium,Clostridium_sp_CAG_413
Otu_213,Bacteria,Firmicutes,Clostridia,Clostridiales,Clostridiaceae,Clostridium,Clostridium_sp_CAG_510
Otu_214,Bacteria,Firmicutes,Clostridia,Clostridiales,Clostridiaceae,Clostridium,Clostridium_sp_CAG_58
Otu_215,Bacteria,Firmicutes,Clostridia,Clostridiales,Clostridiaceae,Clostridium,Clostridium_sp_CAG_590
Otu_216,Bacteria,Firmicutes,Clostridia,Clostridiales,Clostridiaceae,Clostridium,Clostridium_sp_CAG_632
Otu_217,Bacteria,Firmicutes,Clostridia,Clostridiales,Clostridiaceae,Clostridium,Clostridium_sp_CAG_964
Otu_218,Bacteria,Firmicutes,Clostridia,Clostridiales,Clostridiaceae,Clostridium,Clostridium_ventriculi
Otu_219,Bacteria,Firmicutes,Clostridia,Clostridiales,Clostridiaceae,Hungatella,Hungatella_hathewayi
Otu_220,Bacteria,Firmicutes,Clostridia,Clostridiales,Clostridiales_Family_XIII_Incertae_Sedis,Mogibacterium,Mogibacterium_diversum
Otu_221,Bacteria,Firmicutes,Clostridia,Clostridiales,Clostridiales_unclassified,Clostridiales_unclassified,Bacteroides_pectinophilus
Otu_222,Bacteria,Firmicutes,Clostridia,Clostridiales,Clostridiales_unclassified,Clostridiales_unclassified,Clostridiales_bacterium_1_7_47FAA
Otu_223,Bacteria,Firmicutes,Clostridia,Clostridiales,Clostridiales_unclassified,Intestinimonas,Intestinimonas_butyriciproducens
Otu_224,Bacteria,Firmicutes,Clostridia,Clostridiales,Clostridiales_unclassified,Lawsonibacter,Lawsonibacter_asaccharolyticus
Otu_225,Bacteria,Firmicutes,Clostridia,Clostridiales,Clostridiales_unclassified,Monoglobus,Monoglobus_pectinilyticus
Otu_226,Bacteria,Firmicutes,Clostridia,Clostridiales,Eubacteriaceae,Anaerofustis,Anaerofustis_stercorihominis
Otu_227,Bacteria,Firmicutes,Clostridia,Clostridiales,Eubacteriaceae,Eubacteriaceae_unclassified,Eubacteriaceae_bacterium_CHKCI005
Otu_228,Bacteria,Firmicutes,Clostridia,Clostridiales,Eubacteriaceae,Eubacterium,Eubacterium_callanderi
Otu_229,Bacteria,Firmicutes,Clostridia,Clostridiales,Eubacteriaceae,Eubacterium,Eubacterium_coprostanoligenes
Otu_230,Bacteria,Firmicutes,Clostridia,Clostridiales,Eubacteriaceae,Eubacterium,Eubacterium_dolichum_CAG_375
Otu_231,Bacteria,Firmicutes,Clostridia,Clostridiales,Eubacteriaceae,Eubacterium,Eubacterium_eligens
Otu_232,Bacteria,Firmicutes,Clostridia,Clostridiales,Eubacteriaceae,Eubacterium,Eubacterium_hallii
Otu_233,Bacteria,Firmicutes,Clostridia,Clostridiales,Eubacteriaceae,Eubacterium,Eubacterium_limosum
Otu_234,Bacteria,Firmicutes,Clostridia,Clostridiales,Eubacteriaceae,Eubacterium,Eubacterium_ramulus
Otu_235,Bacteria,Firmicutes,Clostridia,Clostridiales,Eubacteriaceae,Eubacterium,Eubacterium_sp_CAG_180
Otu_236,Bacteria,Firmicutes,Clostridia,Clostridiales,Eubacteriaceae,Eubacterium,Eubacterium_sp_CAG_251
Otu_237,Bacteria,Firmicutes,Clostridia,Clostridiales,Eubacteriaceae,Eubacterium,Eubacterium_sp_CAG_274
Otu_238,Bacteria,Firmicutes,Clostridia,Clostridiales,Eubacteriaceae,Eubacterium,Eubacterium_sp_CAG_38
Otu_239,Bacteria,Firmicutes,Clostridia,Clostridiales,Eubacteriaceae,Eubacterium,Eubacterium_sp_CAG_786
Otu_240,Bacteria,Firmicutes,Clostridia,Clostridiales,Eubacteriaceae,Eubacterium,Eubacterium_sp_OM08_24
Otu_241,Bacteria,Firmicutes,Clostridia,Clostridiales,Eubacteriaceae,Eubacterium,Eubacterium_ventriosum
Otu_242,Bacteria,Firmicutes,Clostridia,Clostridiales,Hungateiclostridiaceae,Mageeibacillus,Mageeibacillus_indolicus
Otu_243,Bacteria,Firmicutes,Clostridia,Clostridiales,Lachnospiraceae,Anaerostipes,Anaerostipes_caccae
Otu_244,Bacteria,Firmicutes,Clostridia,Clostridiales,Lachnospiraceae,Anaerostipes,Anaerostipes_hadrus
Otu_245,Bacteria,Firmicutes,Clostridia,Clostridiales,Lachnospiraceae,Anaerotignum,Anaerotignum_lactatifermentans
Otu_246,Bacteria,Firmicutes,Clostridia,Clostridiales,Lachnospiraceae,Blautia,Blautia_coccoides
Otu_247,Bacteria,Firmicutes,Clostridia,Clostridiales,Lachnospiraceae,Blautia,Blautia_hansenii
Otu_248,Bacteria,Firmicutes,Clostridia,Clostridiales,Lachnospiraceae,Blautia,Blautia_hydrogenotrophica
Otu_249,Bacteria,Firmicutes,Clostridia,Clostridiales,Lachnospiraceae,Blautia,Blautia_obeum
Otu_250,Bacteria,Firmicutes,Clostridia,Clostridiales,Lachnospiraceae,Blautia,Blautia_producta
Otu_251,Bacteria,Firmicutes,Clostridia,Clostridiales,Lachnospiraceae,Blautia,Blautia_sp_CAG_257
Otu_252,Bacteria,Firmicutes,Clostridia,Clostridiales,Lachnospiraceae,Blautia,Blautia_sp_N6H1_15
Otu_253,Bacteria,Firmicutes,Clostridia,Clostridiales,Lachnospiraceae,Blautia,Blautia_wexlerae
Otu_254,Bacteria,Firmicutes,Clostridia,Clostridiales,Lachnospiraceae,Blautia,Ruminococcus_gnavus
Otu_255,Bacteria,Firmicutes,Clostridia,Clostridiales,Lachnospiraceae,Blautia,Ruminococcus_torques
Otu_256,Bacteria,Firmicutes,Clostridia,Clostridiales,Lachnospiraceae,Butyrivibrio,Butyrivibrio_crossotus
Otu_257,Bacteria,Firmicutes,Clostridia,Clostridiales,Lachnospiraceae,Butyrivibrio,Butyrivibrio_sp_CAG_318
Otu_258,Bacteria,Firmicutes,Clostridia,Clostridiales,Lachnospiraceae,Coprococcus,Coprococcus_catus
Otu_259,Bacteria,Firmicutes,Clostridia,Clostridiales,Lachnospiraceae,Coprococcus,Coprococcus_comes
Otu_260,Bacteria,Firmicutes,Clostridia,Clostridiales,Lachnospiraceae,Coprococcus,Coprococcus_eutactus
Otu_261,Bacteria,Firmicutes,Clostridia,Clostridiales,Lachnospiraceae,Dorea,Dorea_formicigenerans
Otu_262,Bacteria,Firmicutes,Clostridia,Clostridiales,Lachnospiraceae,Dorea,Dorea_longicatena
Otu_263,Bacteria,Firmicutes,Clostridia,Clostridiales,Lachnospiraceae,Dorea,Dorea_sp_CAG_317
Otu_264,Bacteria,Firmicutes,Clostridia,Clostridiales,Lachnospiraceae,Dorea,Dorea_sp_D27
Otu_265,Bacteria,Firmicutes,Clostridia,Clostridiales,Lachnospiraceae,Eisenbergiella,Eisenbergiella_massiliensis
Otu_266,Bacteria,Firmicutes,Clostridia,Clostridiales,Lachnospiraceae,Eisenbergiella,Eisenbergiella_tayi
Otu_267,Bacteria,Firmicutes,Clostridia,Clostridiales,Lachnospiraceae,Fusicatenibacter,Fusicatenibacter_saccharivorans
Otu_268,Bacteria,Firmicutes,Clostridia,Clostridiales,Lachnospiraceae,Lachnoclostridium,Clostridium_aldenense
Otu_269,Bacteria,Firmicutes,Clostridia,Clostridiales,Lachnospiraceae,Lachnoclostridium,Clostridium_asparagiforme
Otu_270,Bacteria,Firmicutes,Clostridia,Clostridiales,Lachnospiraceae,Lachnoclostridium,Clostridium_bolteae
Otu_271,Bacteria,Firmicutes,Clostridia,Clostridiales,Lachnospiraceae,Lachnoclostridium,Clostridium_citroniae
Otu_272,Bacteria,Firmicutes,Clostridia,Clostridiales,Lachnospiraceae,Lachnoclostridium,Clostridium_clostridioforme
Otu_273,Bacteria,Firmicutes,Clostridia,Clostridiales,Lachnospiraceae,Lachnoclostridium,Clostridium_lavalense
Otu_274,Bacteria,Firmicutes,Clostridia,Clostridiales,Lachnospiraceae,Lachnoclostridium,Clostridium_saccharolyticum
Otu_275,Bacteria,Firmicutes,Clostridia,Clostridiales,Lachnospiraceae,Lachnoclostridium,Clostridium_scindens
Otu_276,Bacteria,Firmicutes,Clostridia,Clostridiales,Lachnospiraceae,Lachnoclostridium,Clostridium_symbiosum
Otu_277,Bacteria,Firmicutes,Clostridia,Clostridiales,Lachnospiraceae,Lachnoclostridium,Lachnoclostridium_sp_An118
Otu_278,Bacteria,Firmicutes,Clostridia,Clostridiales,Lachnospiraceae,Lachnoclostridium,Lachnoclostridium_sp_An131
Otu_279,Bacteria,Firmicutes,Clostridia,Clostridiales,Lachnospiraceae,Lachnoclostridium,Lachnoclostridium_sp_An138
Otu_280,Bacteria,Firmicutes,Clostridia,Clostridiales,Lachnospiraceae,Lachnoclostridium,Lachnoclostridium_sp_An14
Otu_281,Bacteria,Firmicutes,Clostridia,Clostridiales,Lachnospiraceae,Lachnospiraceae_unclassified,Eubacterium_rectale
Otu_282,Bacteria,Firmicutes,Clostridia,Clostridiales,Lachnospiraceae,Lachnospiraceae_unclassified,Lachnospiraceae_bacterium_2_1_46FAA
Otu_283,Bacteria,Firmicutes,Clostridia,Clostridiales,Lachnospiraceae,Lachnospira,Lachnospira_pectinoschiza
Otu_284,Bacteria,Firmicutes,Clostridia,Clostridiales,Lachnospiraceae,Marvinbryantia,Marvinbryantia_formatexigens
Otu_285,Bacteria,Firmicutes,Clostridia,Clostridiales,Lachnospiraceae,Roseburia,Roseburia_faecis
Otu_286,Bacteria,Firmicutes,Clostridia,Clostridiales,Lachnospiraceae,Roseburia,Roseburia_hominis
Otu_287,Bacteria,Firmicutes,Clostridia,Clostridiales,Lachnospiraceae,Roseburia,Roseburia_intestinalis
Otu_288,Bacteria,Firmicutes,Clostridia,Clostridiales,Lachnospiraceae,Roseburia,Roseburia_inulinivorans
Otu_289,Bacteria,Firmicutes,Clostridia,Clostridiales,Lachnospiraceae,Roseburia,Roseburia_sp_CAG_182
Otu_290,Bacteria,Firmicutes,Clostridia,Clostridiales,Lachnospiraceae,Roseburia,Roseburia_sp_CAG_303
Otu_291,Bacteria,Firmicutes,Clostridia,Clostridiales,Lachnospiraceae,Roseburia,Roseburia_sp_CAG_309
Otu_292,Bacteria,Firmicutes,Clostridia,Clostridiales,Lachnospiraceae,Roseburia,Roseburia_sp_CAG_471
Otu_293,Bacteria,Firmicutes,Clostridia,Clostridiales,Lachnospiraceae,Sellimonas,Sellimonas_intestinalis
Otu_294,Bacteria,Firmicutes,Clostridia,Clostridiales,Lachnospiraceae,Tyzzerella,Tyzzerella_nexilis
Otu_295,Bacteria,Firmicutes,Clostridia,Clostridiales,Oscillospiraceae,Oscillibacter,Oscillibacter_sp_57_20
Otu_296,Bacteria,Firmicutes,Clostridia,Clostridiales,Oscillospiraceae,Oscillibacter,Oscillibacter_sp_CAG_241
Otu_297,Bacteria,Firmicutes,Clostridia,Clostridiales,Oscillospiraceae,Oscillibacter,Oscillibacter_sp_PC13
Otu_298,Bacteria,Firmicutes,Clostridia,Clostridiales,Peptostreptococcaceae,Intestinibacter,Intestinibacter_bartlettii
Otu_299,Bacteria,Firmicutes,Clostridia,Clostridiales,Peptostreptococcaceae,Peptostreptococcaceae_unclassified,Clostridium_hiranonis
Otu_300,Bacteria,Firmicutes,Clostridia,Clostridiales,Peptostreptococcaceae,Peptostreptococcus,Peptostreptococcus_anaerobius
Otu_301,Bacteria,Firmicutes,Clostridia,Clostridiales,Peptostreptococcaceae,Peptostreptococcus,Peptostreptococcus_sp_MV1
Otu_302,Bacteria,Firmicutes,Clostridia,Clostridiales,Peptostreptococcaceae,Romboutsia,Romboutsia_ilealis
Otu_303,Bacteria,Firmicutes,Clostridia,Clostridiales,Ruminococcaceae,Agathobaculum,Agathobaculum_butyriciproducens
Otu_304,Bacteria,Firmicutes,Clostridia,Clostridiales,Ruminococcaceae,Anaeromassilibacillus,Anaeromassilibacillus_sp_An250
Otu_305,Bacteria,Firmicutes,Clostridia,Clostridiales,Ruminococcaceae,Anaerotruncus,Anaerotruncus_colihominis
Otu_306,Bacteria,Firmicutes,Clostridia,Clostridiales,Ruminococcaceae,Anaerotruncus,Anaerotruncus_sp_CAG_528
Otu_307,Bacteria,Firmicutes,Clostridia,Clostridiales,Ruminococcaceae,Faecalibacterium,Faecalibacterium_prausnitzii
Otu_308,Bacteria,Firmicutes,Clostridia,Clostridiales,Ruminococcaceae,Flavonifractor,Flavonifractor_plautii
Otu_309,Bacteria,Firmicutes,Clostridia,Clostridiales,Ruminococcaceae,Flavonifractor,Flavonifractor_sp_An100
Otu_310,Bacteria,Firmicutes,Clostridia,Clostridiales,Ruminococcaceae,Gemmiger,Gemmiger_formicilis
Otu_311,Bacteria,Firmicutes,Clostridia,Clostridiales,Ruminococcaceae,Gemmiger,Gemmiger_sp_An194
Otu_312,Bacteria,Firmicutes,Clostridia,Clostridiales,Ruminococcaceae,Pseudoflavonifractor,Pseudoflavonifractor_capillosus
Otu_313,Bacteria,Firmicutes,Clostridia,Clostridiales,Ruminococcaceae,Pseudoflavonifractor,Pseudoflavonifractor_sp_An184
Otu_314,Bacteria,Firmicutes,Clostridia,Clostridiales,Ruminococcaceae,Ruminococcaceae_unclassified,Clostridium_leptum
Otu_315,Bacteria,Firmicutes,Clostridia,Clostridiales,Ruminococcaceae,Ruminococcaceae_unclassified,Clostridium_methylpentosum
Otu_316,Bacteria,Firmicutes,Clostridia,Clostridiales,Ruminococcaceae,Ruminococcaceae_unclassified,Eubacterium_siraeum
Otu_317,Bacteria,Firmicutes,Clostridia,Clostridiales,Ruminococcaceae,Ruminococcaceae_unclassified,Ruminococcaceae_bacterium_D16
Otu_318,Bacteria,Firmicutes,Clostridia,Clostridiales,Ruminococcaceae,Ruminococcaceae_unclassified,Ruminococcaceae_bacterium_D5
Otu_319,Bacteria,Firmicutes,Clostridia,Clostridiales,Ruminococcaceae,Ruminococcus,Ruminococcus_bicirculans
Otu_320,Bacteria,Firmicutes,Clostridia,Clostridiales,Ruminococcaceae,Ruminococcus,Ruminococcus_bromii
Otu_321,Bacteria,Firmicutes,Clostridia,Clostridiales,Ruminococcaceae,Ruminococcus,Ruminococcus_callidus
Otu_322,Bacteria,Firmicutes,Clostridia,Clostridiales,Ruminococcaceae,Ruminococcus,Ruminococcus_champanellensis
Otu_323,Bacteria,Firmicutes,Clostridia,Clostridiales,Ruminococcaceae,Ruminococcus,Ruminococcus_lactaris
Otu_324,Bacteria,Firmicutes,Clostridia,Clostridiales,Ruminococcaceae,Ruminococcus,Ruminococcus_obeum_CAG_39
Otu_325,Bacteria,Firmicutes,Clostridia,Clostridiales,Ruminococcaceae,Ruminococcus,Ruminococcus_sp_CAG_330
Otu_326,Bacteria,Firmicutes,Clostridia,Clostridiales,Ruminococcaceae,Ruminococcus,Ruminococcus_sp_CAG_403
Otu_327,Bacteria,Firmicutes,Clostridia,Clostridiales,Ruminococcaceae,Ruminococcus,Ruminococcus_sp_CAG_488
Otu_328,Bacteria,Firmicutes,Clostridia,Clostridiales,Ruminococcaceae,Ruminococcus,Ruminococcus_sp_CAG_563
Otu_329,Bacteria,Firmicutes,Clostridia,Clostridiales,Ruminococcaceae,Ruminococcus,Ruminococcus_sp_CAG_624
Otu_330,Bacteria,Firmicutes,Clostridia,Clostridiales,Ruminococcaceae,Ruthenibacterium,Ruthenibacterium_lactatiformans
Otu_331,Bacteria,Firmicutes,Erysipelotrichia,Erysipelotrichales,Erysipelotrichaceae,Absiella,Absiella_dolichum
Otu_332,Bacteria,Firmicutes,Erysipelotrichia,Erysipelotrichales,Erysipelotrichaceae,Catenibacterium,Catenibacterium_mitsuokai
Otu_333,Bacteria,Firmicutes,Erysipelotrichia,Erysipelotrichales,Erysipelotrichaceae,Coprobacillus,Coprobacillus_cateniformis
Otu_334,Bacteria,Firmicutes,Erysipelotrichia,Erysipelotrichales,Erysipelotrichaceae,Dielma,Dielma_fastidiosa
Otu_335,Bacteria,Firmicutes,Erysipelotrichia,Erysipelotrichales,Erysipelotrichaceae,Erysipelatoclostridium,Clostridium_innocuum
Otu_336,Bacteria,Firmicutes,Erysipelotrichia,Erysipelotrichales,Erysipelotrichaceae,Erysipelatoclostridium,Clostridium_spiroforme
Otu_337,Bacteria,Firmicutes,Erysipelotrichia,Erysipelotrichales,Erysipelotrichaceae,Erysipelatoclostridium,Erysipelatoclostridium_ramosum
Otu_338,Bacteria,Firmicutes,Erysipelotrichia,Erysipelotrichales,Erysipelotrichaceae,Faecalicoccus,Faecalicoccus_pleomorphus
Otu_339,Bacteria,Firmicutes,Erysipelotrichia,Erysipelotrichales,Erysipelotrichaceae,Faecalitalea,Faecalitalea_cylindroides
Otu_340,Bacteria,Firmicutes,Erysipelotrichia,Erysipelotrichales,Erysipelotrichaceae,Holdemanella,Holdemanella_biformis
Otu_341,Bacteria,Firmicutes,Erysipelotrichia,Erysipelotrichales,Erysipelotrichaceae,Holdemania,Holdemania_filiformis
Otu_342,Bacteria,Firmicutes,Erysipelotrichia,Erysipelotrichales,Erysipelotrichaceae,Massiliomicrobiota,Massiliomicrobiota_timonensis
Otu_343,Bacteria,Firmicutes,Erysipelotrichia,Erysipelotrichales,Erysipelotrichaceae,Solobacterium,Solobacterium_moorei
Otu_344,Bacteria,Firmicutes,Erysipelotrichia,Erysipelotrichales,Erysipelotrichaceae,Turicibacter,Turicibacter_sanguinis
Otu_345,Bacteria,Firmicutes,Firmicutes_unclassified,Firmicutes_unclassified,Firmicutes_unclassified,Firmicutes_unclassified,Firmicutes_bacterium_CAG_110
Otu_346,Bacteria,Firmicutes,Firmicutes_unclassified,Firmicutes_unclassified,Firmicutes_unclassified,Firmicutes_unclassified,Firmicutes_bacterium_CAG_145
Otu_347,Bacteria,Firmicutes,Firmicutes_unclassified,Firmicutes_unclassified,Firmicutes_unclassified,Firmicutes_unclassified,Firmicutes_bacterium_CAG_170
Otu_348,Bacteria,Firmicutes,Firmicutes_unclassified,Firmicutes_unclassified,Firmicutes_unclassified,Firmicutes_unclassified,Firmicutes_bacterium_CAG_238
Otu_349,Bacteria,Firmicutes,Firmicutes_unclassified,Firmicutes_unclassified,Firmicutes_unclassified,Firmicutes_unclassified,Firmicutes_bacterium_CAG_424
Otu_350,Bacteria,Firmicutes,Firmicutes_unclassified,Firmicutes_unclassified,Firmicutes_unclassified,Firmicutes_unclassified,Firmicutes_bacterium_CAG_534
Otu_351,Bacteria,Firmicutes,Firmicutes_unclassified,Firmicutes_unclassified,Firmicutes_unclassified,Firmicutes_unclassified,Firmicutes_bacterium_CAG_555
Otu_352,Bacteria,Firmicutes,Firmicutes_unclassified,Firmicutes_unclassified,Firmicutes_unclassified,Firmicutes_unclassified,Firmicutes_bacterium_CAG_646
Otu_353,Bacteria,Firmicutes,Firmicutes_unclassified,Firmicutes_unclassified,Firmicutes_unclassified,Firmicutes_unclassified,Firmicutes_bacterium_CAG_791
Otu_354,Bacteria,Firmicutes,Firmicutes_unclassified,Firmicutes_unclassified,Firmicutes_unclassified,Firmicutes_unclassified,Firmicutes_bacterium_CAG_83
Otu_355,Bacteria,Firmicutes,Firmicutes_unclassified,Firmicutes_unclassified,Firmicutes_unclassified,Firmicutes_unclassified,Firmicutes_bacterium_CAG_94
Otu_356,Bacteria,Firmicutes,Firmicutes_unclassified,Firmicutes_unclassified,Firmicutes_unclassified,Firmicutes_unclassified,Firmicutes_bacterium_CAG_95
Otu_357,Bacteria,Firmicutes,Negativicutes,Acidaminococcales,Acidaminococcaceae,Acidaminococcus,Acidaminococcus_fermentans
Otu_358,Bacteria,Firmicutes,Negativicutes,Acidaminococcales,Acidaminococcaceae,Acidaminococcus,Acidaminococcus_intestini
Otu_359,Bacteria,Firmicutes,Negativicutes,Acidaminococcales,Acidaminococcaceae,Phascolarctobacterium,Phascolarctobacterium_faecium
Otu_360,Bacteria,Firmicutes,Negativicutes,Acidaminococcales,Acidaminococcaceae,Phascolarctobacterium,Phascolarctobacterium_sp_CAG_266
Otu_361,Bacteria,Firmicutes,Negativicutes,Acidaminococcales,Acidaminococcaceae,Phascolarctobacterium,Phascolarctobacterium_succinatutens
Otu_362,Bacteria,Firmicutes,Negativicutes,Selenomonadales,Selenomonadaceae,Megamonas,Megamonas_funiformis
Otu_363,Bacteria,Firmicutes,Negativicutes,Selenomonadales,Selenomonadaceae,Megamonas,Megamonas_funiformis_CAG_377
Otu_364,Bacteria,Firmicutes,Negativicutes,Selenomonadales,Selenomonadaceae,Megamonas,Megamonas_hypermegale
Otu_365,Bacteria,Firmicutes,Negativicutes,Selenomonadales,Selenomonadaceae,Mitsuokella,Mitsuokella_jalaludinii
Otu_366,Bacteria,Firmicutes,Negativicutes,Selenomonadales,Selenomonadaceae,Mitsuokella,Mitsuokella_multacida
Otu_367,Bacteria,Firmicutes,Negativicutes,Veillonellales,Veillonellaceae,Allisonella,Allisonella_histaminiformans
Otu_368,Bacteria,Firmicutes,Negativicutes,Veillonellales,Veillonellaceae,Dialister,Dialister_invisus
Otu_369,Bacteria,Firmicutes,Negativicutes,Veillonellales,Veillonellaceae,Dialister,Dialister_sp_CAG_357
Otu_370,Bacteria,Firmicutes,Negativicutes,Veillonellales,Veillonellaceae,Dialister,Dialister_succinatiphilus
Otu_371,Bacteria,Firmicutes,Negativicutes,Veillonellales,Veillonellaceae,Megasphaera,Megasphaera_elsdenii
Otu_372,Bacteria,Firmicutes,Negativicutes,Veillonellales,Veillonellaceae,Megasphaera,Megasphaera_hexanoica
Otu_373,Bacteria,Firmicutes,Negativicutes,Veillonellales,Veillonellaceae,Megasphaera,Megasphaera_micronuciformis
Otu_374,Bacteria,Firmicutes,Negativicutes,Veillonellales,Veillonellaceae,Megasphaera,Megasphaera_sp_DISK_18
Otu_375,Bacteria,Firmicutes,Negativicutes,Veillonellales,Veillonellaceae,Megasphaera,Megasphaera_sp_MJR8396C
Otu_376,Bacteria,Firmicutes,Negativicutes,Veillonellales,Veillonellaceae,Megasphaera,Megasphaera_stantonii
Otu_377,Bacteria,Firmicutes,Negativicutes,Veillonellales,Veillonellaceae,Veillonella,Veillonella_atypica
Otu_378,Bacteria,Firmicutes,Negativicutes,Veillonellales,Veillonellaceae,Veillonella,Veillonella_dispar
Otu_379,Bacteria,Firmicutes,Negativicutes,Veillonellales,Veillonellaceae,Veillonella,Veillonella_infantium
Otu_380,Bacteria,Firmicutes,Negativicutes,Veillonellales,Veillonellaceae,Veillonella,Veillonella_parvula
Otu_381,Bacteria,Firmicutes,Negativicutes,Veillonellales,Veillonellaceae,Veillonella,Veillonella_rogosae
Otu_382,Bacteria,Firmicutes,Negativicutes,Veillonellales,Veillonellaceae,Veillonella,Veillonella_sp_T11011_6
Otu_383,Bacteria,Firmicutes,Negativicutes,Veillonellales,Veillonellaceae,Veillonella,Veillonella_tobetsuensis
Otu_384,Bacteria,Firmicutes,Tissierellia,Tissierellales,Peptoniphilaceae,Parvimonas,Parvimonas_sp_KA00067
Otu_385,Bacteria,Fusobacteria,Fusobacteriia,Fusobacteriales,Fusobacteriaceae,Fusobacterium,Fusobacterium_equinum
Otu_386,Bacteria,Fusobacteria,Fusobacteriia,Fusobacteriales,Fusobacteriaceae,Fusobacterium,Fusobacterium_gonidiaformans
Otu_387,Bacteria,Fusobacteria,Fusobacteriia,Fusobacteriales,Fusobacteriaceae,Fusobacterium,Fusobacterium_mortiferum
Otu_388,Bacteria,Fusobacteria,Fusobacteriia,Fusobacteriales,Fusobacteriaceae,Fusobacterium,Fusobacterium_nucleatum
Otu_389,Bacteria,Fusobacteria,Fusobacteriia,Fusobacteriales,Fusobacteriaceae,Fusobacterium,Fusobacterium_sp_CAG_439
Otu_390,Bacteria,Fusobacteria,Fusobacteriia,Fusobacteriales,Leptotrichiaceae,Sneathia,Sneathia_amnii
Otu_391,Bacteria,Lentisphaerae,Lentisphaeria,Victivallales,Victivallaceae,Victivallis,Victivallis_vadensis
Otu_392,Bacteria,Proteobacteria,Betaproteobacteria,Burkholderiales,Sutterellaceae,Parasutterella,Parasutterella_excrementihominis
Otu_393,Bacteria,Proteobacteria,Betaproteobacteria,Burkholderiales,Sutterellaceae,Sutterella,Sutterella_parvirubra
Otu_394,Bacteria,Proteobacteria,Betaproteobacteria,Burkholderiales,Sutterellaceae,Turicimonas,Turicimonas_muris
Otu_395,Bacteria,Proteobacteria,Betaproteobacteria,Neisseriales,Neisseriaceae,Neisseria,Neisseria_cinerea
Otu_396,Bacteria,Proteobacteria,Betaproteobacteria,Neisseriales,Neisseriaceae,Neisseria,Neisseria_flavescens
Otu_397,Bacteria,Proteobacteria,Deltaproteobacteria,Desulfovibrionales,Desulfovibrionaceae,Bilophila,Bilophila_wadsworthia
Otu_398,Bacteria,Proteobacteria,Deltaproteobacteria,Desulfovibrionales,Desulfovibrionaceae,Desulfovibrionaceae_unclassified,Desulfovibrionaceae_bacterium
Otu_399,Bacteria,Proteobacteria,Deltaproteobacteria,Desulfovibrionales,Desulfovibrionaceae,Desulfovibrio,Desulfovibrio_fairfieldensis
Otu_400,Bacteria,Proteobacteria,Deltaproteobacteria,Desulfovibrionales,Desulfovibrionaceae,Desulfovibrio,Desulfovibrio_piger
Otu_401,Bacteria,Proteobacteria,Epsilonproteobacteria,Campylobacterales,Campylobacteraceae,Campylobacter,Campylobacter_concisus
Otu_402,Bacteria,Proteobacteria,Epsilonproteobacteria,Campylobacterales,Campylobacteraceae,Campylobacter,Campylobacter_upsaliensis
Otu_403,Bacteria,Proteobacteria,Epsilonproteobacteria,Campylobacterales,Helicobacteraceae,Helicobacter,Helicobacter_cinaedi
Otu_404,Bacteria,Proteobacteria,Epsilonproteobacteria,Campylobacterales,Helicobacteraceae,Helicobacter,Helicobacter_equorum
Otu_405,Bacteria,Proteobacteria,Epsilonproteobacteria,Campylobacterales,Helicobacteraceae,Helicobacter,Helicobacter_fennelliae
Otu_406,Bacteria,Proteobacteria,Gammaproteobacteria,Aeromonadales,Aeromonadaceae,Aeromonas,Aeromonas_veronii
Otu_407,Bacteria,Proteobacteria,Gammaproteobacteria,Aeromonadales,Succinivibrionaceae,Anaerobiospirillum,Anaerobiospirillum_thomasii
Otu_408,Bacteria,Proteobacteria,Gammaproteobacteria,Aeromonadales,Succinivibrionaceae,Succinatimonas,Succinatimonas_hippei
Otu_409,Bacteria,Proteobacteria,Gammaproteobacteria,Enterobacterales,Enterobacteriaceae,Citrobacter,Citrobacter_braakii
Otu_410,Bacteria,Proteobacteria,Gammaproteobacteria,Enterobacterales,Enterobacteriaceae,Citrobacter,Citrobacter_europaeus
Otu_411,Bacteria,Proteobacteria,Gammaproteobacteria,Enterobacterales,Enterobacteriaceae,Citrobacter,Citrobacter_freundii
Otu_412,Bacteria,Proteobacteria,Gammaproteobacteria,Enterobacterales,Enterobacteriaceae,Citrobacter,Citrobacter_koseri
Otu_413,Bacteria,Proteobacteria,Gammaproteobacteria,Enterobacterales,Enterobacteriaceae,Citrobacter,Citrobacter_portucalensis
Otu_414,Bacteria,Proteobacteria,Gammaproteobacteria,Enterobacterales,Enterobacteriaceae,Citrobacter,Citrobacter_youngae
Otu_415,Bacteria,Proteobacteria,Gammaproteobacteria,Enterobacterales,Enterobacteriaceae,Enterobacter,Enterobacter_cloacae_complex
Otu_416,Bacteria,Proteobacteria,Gammaproteobacteria,Enterobacterales,Enterobacteriaceae,Escherichia,Escherichia_albertii
Otu_417,Bacteria,Proteobacteria,Gammaproteobacteria,Enterobacterales,Enterobacteriaceae,Escherichia,Escherichia_coli
Otu_418,Bacteria,Proteobacteria,Gammaproteobacteria,Enterobacterales,Enterobacteriaceae,Escherichia,Escherichia_marmotae
Otu_419,Bacteria,Proteobacteria,Gammaproteobacteria,Enterobacterales,Enterobacteriaceae,Klebsiella,Klebsiella_aerogenes
Otu_420,Bacteria,Proteobacteria,Gammaproteobacteria,Enterobacterales,Enterobacteriaceae,Klebsiella,Klebsiella_michiganensis
Otu_421,Bacteria,Proteobacteria,Gammaproteobacteria,Enterobacterales,Enterobacteriaceae,Klebsiella,Klebsiella_oxytoca
Otu_422,Bacteria,Proteobacteria,Gammaproteobacteria,Enterobacterales,Enterobacteriaceae,Klebsiella,Klebsiella_pneumoniae
Otu_423,Bacteria,Proteobacteria,Gammaproteobacteria,Enterobacterales,Enterobacteriaceae,Klebsiella,Klebsiella_quasipneumoniae
Otu_424,Bacteria,Proteobacteria,Gammaproteobacteria,Enterobacterales,Enterobacteriaceae,Klebsiella,Klebsiella_variicola
Otu_425,Bacteria,Proteobacteria,Gammaproteobacteria,Enterobacterales,Enterobacteriaceae,Kluyvera,Kluyvera_cryocrescens
Otu_426,Bacteria,Proteobacteria,Gammaproteobacteria,Enterobacterales,Enterobacteriaceae,Kluyvera,Kluyvera_georgiana
Otu_427,Bacteria,Proteobacteria,Gammaproteobacteria,Enterobacterales,Hafniaceae,Hafnia,Hafnia_alvei
Otu_428,Bacteria,Proteobacteria,Gammaproteobacteria,Enterobacterales,Hafniaceae,Hafnia,Hafnia_paralvei
Otu_429,Bacteria,Proteobacteria,Gammaproteobacteria,Pasteurellales,Pasteurellaceae,Aggregatibacter,Aggregatibacter_segnis
Otu_430,Bacteria,Proteobacteria,Gammaproteobacteria,Pasteurellales,Pasteurellaceae,Haemophilus,Haemophilus_haemolyticus
Otu_431,Bacteria,Proteobacteria,Gammaproteobacteria,Pasteurellales,Pasteurellaceae,Haemophilus,Haemophilus_influenzae
Otu_432,Bacteria,Proteobacteria,Gammaproteobacteria,Pasteurellales,Pasteurellaceae,Haemophilus,Haemophilus_parahaemolyticus
Otu_433,Bacteria,Proteobacteria,Gammaproteobacteria,Pasteurellales,Pasteurellaceae,Haemophilus,Haemophilus_parainfluenzae
Otu_434,Bacteria,Proteobacteria,Gammaproteobacteria,Pasteurellales,Pasteurellaceae,Haemophilus,Haemophilus_pittmaniae
Otu_435,Bacteria,Proteobacteria,Gammaproteobacteria,Pasteurellales,Pasteurellaceae,Haemophilus,Haemophilus_sp_HMSC71H05
Otu_436,Bacteria,Proteobacteria,Gammaproteobacteria,Pasteurellales,Pasteurellaceae,Haemophilus,Haemophilus_sputorum
Otu_437,Bacteria,Proteobacteria,Gammaproteobacteria,Pseudomonadales,Moraxellaceae,Acinetobacter,Acinetobacter_johnsonii
Otu_438,Bacteria,Proteobacteria,Gammaproteobacteria,Pseudomonadales,Moraxellaceae,Acinetobacter,Acinetobacter_lwoffii
Otu_439,Bacteria,Proteobacteria,Proteobacteria_unclassified,Proteobacteria_unclassified,Proteobacteria_unclassified,Proteobacteria_unclassified,Proteobacteria_bacterium_CAG_139
Otu_440,Bacteria,Spirochaetes,Spirochaetia,Brachyspirales,Brachyspiraceae,Brachyspira,Brachyspira_pilosicoli
Otu_441,Bacteria,Spirochaetes,Spirochaetia,Brachyspirales,Brachyspiraceae,Brachyspira,Brachyspira_sp_CAG_700
Otu_442,Bacteria,Spirochaetes,Spirochaetia,Spirochaetales,Spirochaetaceae,Treponema,Treponema_succinifaciens
Otu_443,Bacteria,Synergistetes,Synergistia,Synergistales,Synergistaceae,Cloacibacillus,Cloacibacillus_evryensis
Otu_444,Bacteria,Synergistetes,Synergistia,Synergistales,Synergistaceae,Cloacibacillus,Cloacibacillus_porcorum
Otu_445,Bacteria,Synergistetes,Synergistia,Synergistales,Synergistaceae,Pyramidobacter,Pyramidobacter_piscolens
Otu_446,Bacteria,Tenericutes,Mollicutes,Mycoplasmatales,Mycoplasmataceae,Mycoplasma,Mycoplasma_hominis
Otu_447,Bacteria,Verrucomicrobia,Verrucomicrobiae,Verrucomicrobiales,Akkermansiaceae,Akkermansia,Akkermansia_muciniphila
Otu_448,Eukaryota,Apicomplexa,Conoidasida,Eucoccidiorida,Cryptosporidiidae,Cryptosporidium,Cryptosporidium_hominis
Otu_449,Eukaryota,Apicomplexa,Conoidasida,Eucoccidiorida,Cryptosporidiidae,Cryptosporidium,Cryptosporidium_meleagridis
Otu_450,Eukaryota,Apicomplexa,Conoidasida,Eucoccidiorida,Cryptosporidiidae,Cryptosporidium,Cryptosporidium_parvum
Otu_451,Eukaryota,Eukaryota_unclassified,Eukaryota_unclassified,Eukaryota_unclassified,Eukaryota_unclassified,Blastocystis,Blastocystis_sp_subtype_1
